id,manufacturer,anatomy,name,ap_filename,lateral_filename,templating_filename
zb-nexgen,Zimmer Biomet,Knee,NexGen,zb-nexgen-ap.jpg,zb-nexgen-lat.jpg,zb-nexgen-tmpl.jpg
zb-persona,Zimmer Biomet,Knee,Persona,zb-persona-ap.jpg,zb-persona-lat.jpg,zb-persona-tmpl.jpg
zb-oxford,Zimmer Biomet,Knee,Oxford Partial Knee,zb-oxford-ap.jpg,zb-oxford-lat.jpg,zb-oxford-tmpl.jpg
zb-taperloc,Zimmer Biomet,Hip,Taperloc,zb-taperloc-ap.jpg,zb-taperloc-lat.jpg,zb-taperloc-tmpl.jpg
zb-g7,Zimmer Biomet,Hip,G7 Acetabular System,zb-g7-ap.jpg,zb-g7-lat.jpg,zb-g7-tmpl.jpg
zb-comprehensive-shoulder,Zimmer Biomet,Shoulder,Comprehensive Shoulder,zb-comprehensive-shoulder-ap.jpg,zb-comprehensive-shoulder-lat.jpg,zb-comprehensive-shoulder-tmpl.jpg
zb-cls-spotorno,Zimmer Biomet,Hip,CLS Spotorno,zb-cls-spotorno-ap.jpg,zb-cls-spotorno-lat.jpg,zb-cls-spotorno-tmpl.jpg
zb-ml-taper,Zimmer Biomet,Hip,M/L Taper,zb-ml-taper-ap.jpg,zb-ml-taper-lat.jpg,zb-ml-taper-tmpl.jpg
zb-wagner-cone,Zimmer Biomet,Hip,Wagner Cone,zb-wagner-cone-ap.jpg,zb-wagner-cone-lat.jpg,zb-wagner-cone-tmpl.jpg
zb-continuum,Zimmer Biomet,Hip,Continuum Acetabular System,zb-continuum-ap.jpg,zb-continuum-lat.jpg,zb-continuum-tmpl.jpg
zb-trilogy,Zimmer Biomet,Hip,Trilogy Acetabular System,zb-trilogy-ap.jpg,zb-trilogy-lat.jpg,zb-trilogy-tmpl.jpg
zb-vanguard,Zimmer Biomet,Knee,Vanguard,zb-vanguard-ap.jpg,zb-vanguard-lat.jpg,zb-vanguard-tmpl.jpg
zb-arcos,Zimmer Biomet,Hip,Arcos Modular Femoral Revision,zb-arcos-ap.jpg,zb-arcos-lat.jpg,zb-arcos-tmpl.jpg
zb-versys-fm-taper,Zimmer Biomet,Hip,VerSys Fiber Metal Taper,zb-versys-fm-taper-ap.jpg,zb-versys-fm-taper-lat.jpg,zb-versys-fm-taper-tmpl.jpg
zb-versys-fm-midcoat,Zimmer Biomet,Hip,VerSys Fiber Metal MidCoat,zb-versys-fm-midcoat-ap.jpg,zb-versys-fm-midcoat-lat.jpg,zb-versys-fm-midcoat-tmpl.jpg
zb-versys-fullcoat,Zimmer Biomet,Hip,VerSys Beaded FullCoat,zb-versys-fullcoat-ap.jpg,zb-versys-fullcoat-lat.jpg,zb-versys-fullcoat-tmpl.jpg
zb-avenir,Zimmer Biomet,Hip,Avenir Complete,zb-avenir-ap.jpg,zb-avenir-lat.jpg,zb-avenir-tmpl.jpg
zb-fitmore,Zimmer Biomet,Hip,Fitmore,zb-fitmore-ap.jpg,zb-fitmore-lat.jpg,zb-fitmore-tmpl.jpg
zb-alloclassic,Zimmer Biomet,Hip,Alloclassic Zweymüller,zb-alloclassic-ap.jpg,zb-alloclassic-lat.jpg,zb-alloclassic-tmpl.jpg
zb-bimetric,Zimmer Biomet,Hip,,zb-bimetric-ap.jpg,zb-bimetric-lat.jpg,zb-bimetric-tmpl.jpg
zb-cpt,Zimmer Biomet,Hip,,zb-cpt-ap.jpg,zb-cpt-lat.jpg,zb-cpt-tmpl.jpg
zb-echo,Zimmer Biomet,Hip,,zb-echo-ap.jpg,zb-echo-lat.jpg,zb-echo-tmpl.jpg
zb-integral,Zimmer Biomet,Hip,,zb-integral-ap.jpg,zb-integral-lat.jpg,zb-integral-tmpl.jpg
zb-mallory-head,Zimmer Biomet,Hip,,zb-mallory-head-ap.jpg,zb-mallory-head-lat.jpg,zb-mallory-head-tmpl.jpg
zb-oss,Zimmer Biomet,Hip,,zb-oss-ap.jpg,zb-oss-lat.jpg,zb-oss-tmpl.jpg
zb-zss,Zimmer Biomet,Hip,,zb-zss-ap.jpg,zb-zss-lat.jpg,zb-zss-tmpl.jpg
zb-versys-heritage,Zimmer Biomet,Hip,,zb-versys-heritage-ap.jpg,zb-versys-heritage-lat.jpg,zb-versys-heritage-tmpl.jpg
zb-versys-beaded-midcoat,Zimmer Biomet,Hip,,zb-versys-beaded-midcoat-ap.jpg,zb-versys-beaded-midcoat-lat.jpg,zb-versys-beaded-midcoat-tmpl.jpg
zb-mueller,Zimmer Biomet,Hip,,zb-mueller-ap.jpg,zb-mueller-lat.jpg,zb-mueller-tmpl.jpg
zb-cdh,Zimmer Biomet,Hip,,zb-cdh-ap.jpg,zb-cdh-lat.jpg,zb-cdh-tmpl.jpg
zb-versys-crc,Zimmer Biomet,Hip,,zb-versys-crc-ap.jpg,zb-versys-crc-lat.jpg,zb-versys-crc-tmpl.jpg
zb-versys-advocate,Zimmer Biomet,Hip,,zb-versys-advocate-ap.jpg,zb-versys-advocate-lat.jpg,zb-versys-advocate-tmpl.jpg
zb-wagner-sl,Zimmer Biomet,Hip,,zb-wagner-sl-ap.jpg,zb-wagner-sl-lat.jpg,zb-wagner-sl-tmpl.jpg
zb-zmr,Zimmer Biomet,Hip,,zb-zmr-ap.jpg,zb-zmr-lat.jpg,zb-zmr-tmpl.jpg
zb-mallory-head-cementless,Zimmer Biomet,Hip,,zb-mallory-head-cementless-ap.jpg,zb-mallory-head-cementless-lat.jpg,zb-mallory-head-cementless-tmpl.jpg
zb-mallory-head-modular,Zimmer Biomet,Hip,,zb-mallory-head-modular-ap.jpg,zb-mallory-head-modular-lat.jpg,zb-mallory-head-modular-tmpl.jpg
zb-cpt-revision,Zimmer Biomet,Hip,,zb-cpt-revision-ap.jpg,zb-cpt-revision-lat.jpg,zb-cpt-revision-tmpl.jpg
zb-zmr-xl,Zimmer Biomet,Hip,,zb-zmr-xl-ap.jpg,zb-zmr-xl-lat.jpg,zb-zmr-xl-tmpl.jpg
zb-taperloc-complete,Zimmer Biomet,Hip,,zb-taperloc-complete-ap.jpg,zb-taperloc-complete-lat.jpg,zb-taperloc-complete-tmpl.jpg
zb-echo-fx,Zimmer Biomet,Hip,,zb-echo-fx-ap.jpg,zb-echo-fx-lat.jpg,zb-echo-fx-tmpl.jpg
zb-wagner-cone-original,Zimmer Biomet,Hip,Wagner Cone (Original),zb-wagner-cone-original-ap.jpg,zb-wagner-cone-original-lat.jpg,zb-wagner-cone-original-tmpl.jpg
zb-sirius,Zimmer Biomet,Hip,Sirius,zb-sirius-ap.jpg,zb-sirius-lat.jpg,zb-sirius-tmpl.jpg
st-triathlon,Stryker,Knee,Triathlon,st-triathlon-ap.jpg,st-triathlon-lat.jpg,st-triathlon-tmpl.jpg
st-scorpio,Stryker,Knee,Scorpio,st-scorpio-ap.jpg,st-scorpio-lat.jpg,st-scorpio-tmpl.jpg
st-accolade,Stryker,Hip,Accolade,st-accolade-ap.jpg,st-accolade-lat.jpg,st-accolade-tmpl.jpg
st-exeter,Stryker,Hip,Exeter,st-exeter-ap.jpg,st-exeter-lat.jpg,st-exeter-tmpl.jpg
st-trident,Stryker,Hip,Trident Acetabular System,st-trident-ap.jpg,st-trident-lat.jpg,st-trident-tmpl.jpg
st-restoration,Stryker,Hip,Restoration,st-restoration-ap.jpg,st-restoration-lat.jpg,st-restoration-tmpl.jpg
st-secur-fit,Stryker,Hip,Secur-Fit,st-secur-fit-ap.jpg,st-secur-fit-lat.jpg,st-secur-fit-tmpl.jpg
st-howmedica-pca-stem,Stryker,Hip,Howmedica PCA Stem,st-howmedica-pca-stem-ap.jpg,st-howmedica-pca-stem-lat.jpg,st-howmedica-pca-stem-tmpl.jpg
st-howmedica-pca-cup,Stryker,Hip,Howmedica PCA Acetabular System,st-howmedica-pca-cup-ap.jpg,st-howmedica-pca-cup-lat.jpg,st-howmedica-pca-cup-tmpl.jpg
st-insignia,Stryker,Hip,Insignia,st-insignia-ap.jpg,st-insignia-lat.jpg,st-insignia-tmpl.jpg
st-mdm,Stryker,Hip,MDM / Trident Dual Mobility,st-mdm-ap.jpg,st-mdm-lat.jpg,st-mdm-tmpl.jpg
st-gamma,Stryker,Trauma / Fracture fixation,Gamma Nail,st-gamma-ap.jpg,st-gamma-lat.jpg,st-gamma-tmpl.jpg
st-t2,Stryker,Trauma / Fracture fixation,T2 Nailing System,st-t2-ap.jpg,st-t2-lat.jpg,st-t2-tmpl.jpg
st-simpliciti,Stryker,Shoulder,Simpliciti,st-simpliciti-ap.jpg,st-simpliciti-lat.jpg,st-simpliciti-tmpl.jpg
st-aequalis,Stryker,Shoulder,Aequalis,st-aequalis-ap.jpg,st-aequalis-lat.jpg,st-aequalis-tmpl.jpg
st-omnifit,Stryker,Hip,Omnifit,st-omnifit-ap.jpg,st-omnifit-lat.jpg,st-omnifit-tmpl.jpg
st-triathlon-ts,Stryker,Knee,Triathlon TS,st-triathlon-ts-ap.jpg,st-triathlon-ts-lat.jpg,st-triathlon-ts-tmpl.jpg
st-meridian,Stryker,Hip,,st-meridian-ap.jpg,st-meridian-lat.jpg,st-meridian-tmpl.jpg
st-gmrs,Stryker,Hip,,st-gmrs-ap.jpg,st-gmrs-lat.jpg,st-gmrs-tmpl.jpg
sn-genesis-ii,Smith & Nephew,Knee,Genesis II,sn-genesis-ii-ap.jpg,sn-genesis-ii-lat.jpg,sn-genesis-ii-tmpl.jpg
sn-legion,Smith & Nephew,Knee,Legion,sn-legion-ap.jpg,sn-legion-lat.jpg,sn-legion-tmpl.jpg
sn-journey,Smith & Nephew,Knee,Journey II,sn-journey-ap.jpg,sn-journey-lat.jpg,sn-journey-tmpl.jpg
sn-polarstem,Smith & Nephew,Hip,POLARSTEM,sn-polarstem-ap.jpg,sn-polarstem-lat.jpg,sn-polarstem-tmpl.jpg
sn-bhr,Smith & Nephew,Hip,Birmingham Hip Resurfacing (BHR),sn-bhr-ap.jpg,sn-bhr-lat.jpg,sn-bhr-tmpl.jpg
sn-r3,Smith & Nephew,Hip,R3 Acetabular System,sn-r3-ap.jpg,sn-r3-lat.jpg,sn-r3-tmpl.jpg
sn-synergy,Smith & Nephew,Hip,SYNERGY,sn-synergy-ap.jpg,sn-synergy-lat.jpg,sn-synergy-tmpl.jpg
sn-anthology,Smith & Nephew,Hip,Anthology,sn-anthology-ap.jpg,sn-anthology-lat.jpg,sn-anthology-tmpl.jpg
sn-redapt,Smith & Nephew,Hip,REDAPT Modular Revision,sn-redapt-ap.jpg,sn-redapt-lat.jpg,sn-redapt-tmpl.jpg
sn-echelon,Smith & Nephew,Hip,Echelon,sn-echelon-ap.jpg,sn-echelon-lat.jpg,sn-echelon-tmpl.jpg
sn-intertan,Smith & Nephew,Trauma / Fracture fixation,TRIGEN INTERTAN,sn-intertan-ap.jpg,sn-intertan-lat.jpg,sn-intertan-tmpl.jpg
sn-trigen,Smith & Nephew,Trauma / Fracture fixation,TRIGEN Intramedullary Nails,sn-trigen-ap.jpg,sn-trigen-lat.jpg,sn-trigen-tmpl.jpg
sn-peri-loc,Smith & Nephew,Trauma / Fracture fixation,PERI-LOC Locking Plates,sn-peri-loc-ap.jpg,sn-peri-loc-lat.jpg,sn-peri-loc-tmpl.jpg
sn-profix,Smith & Nephew,Knee,Profix,sn-profix-ap.jpg,sn-profix-lat.jpg,sn-profix-tmpl.jpg
sn-spectron,Smith & Nephew,Hip,Spectron EF,sn-spectron-ap.jpg,sn-spectron-lat.jpg,sn-spectron-tmpl.jpg
sn-emperion,Smith & Nephew,Hip,EMPERION,sn-emperion-ap.jpg,sn-emperion-lat.jpg,sn-emperion-tmpl.jpg
dp-attune,DePuy Synthes,Knee,ATTUNE,dp-attune-ap.jpg,dp-attune-lat.jpg,dp-attune-tmpl.jpg
dp-pfc-sigma,DePuy Synthes,Knee,P.F.C. Sigma,dp-pfc-sigma-ap.jpg,dp-pfc-sigma-lat.jpg,dp-pfc-sigma-tmpl.jpg
dp-lcs,DePuy Synthes,Knee,LCS (Low Contact Stress),dp-lcs-ap.jpg,dp-lcs-lat.jpg,dp-lcs-tmpl.jpg
dp-corail,DePuy Synthes,Hip,Corail,dp-corail-ap.jpg,dp-corail-lat.jpg,dp-corail-tmpl.jpg
dp-actis,DePuy Synthes,Hip,ACTIS,dp-actis-ap.jpg,dp-actis-lat.jpg,dp-actis-tmpl.jpg
dp-summit,DePuy Synthes,Hip,Summit,dp-summit-ap.jpg,dp-summit-lat.jpg,dp-summit-tmpl.jpg
dp-trilock,DePuy Synthes,Hip,Tri-Lock,dp-trilock-ap.jpg,dp-trilock-lat.jpg,dp-trilock-tmpl.jpg
dp-prodigy,DePuy Synthes,Hip,Prodigy,dp-prodigy-ap.jpg,dp-prodigy-lat.jpg,dp-prodigy-tmpl.jpg
dp-solution,DePuy Synthes,Hip,Solution System,dp-solution-ap.jpg,dp-solution-lat.jpg,dp-solution-tmpl.jpg
dp-s-rom,DePuy Synthes,Hip,S-ROM,dp-s-rom-ap.jpg,dp-s-rom-lat.jpg,dp-s-rom-tmpl.jpg
dp-pinnacle,DePuy Synthes,Hip,Pinnacle Acetabular System,dp-pinnacle-ap.jpg,dp-pinnacle-lat.jpg,dp-pinnacle-tmpl.jpg
dp-global-shoulder,DePuy Synthes,Shoulder,Global Shoulder,dp-global-shoulder-ap.jpg,dp-global-shoulder-lat.jpg,dp-global-shoulder-tmpl.jpg
dp-dhs,DePuy Synthes,Trauma / Fracture fixation,DHS (Dynamic Hip Screw),dp-dhs-ap.jpg,dp-dhs-lat.jpg,dp-dhs-tmpl.jpg
dp-pfna,DePuy Synthes,Trauma / Fracture fixation,PFNA / TFN (Proximal Femoral Nail),dp-pfna-ap.jpg,dp-pfna-lat.jpg,dp-pfna-tmpl.jpg
dp-lcp,DePuy Synthes,Trauma / Fracture fixation,LCP (Locking Compression Plate),dp-lcp-ap.jpg,dp-lcp-lat.jpg,dp-lcp-tmpl.jpg
dp-expert-nail,DePuy Synthes,Trauma / Fracture fixation,Expert Nailing System,dp-expert-nail-ap.jpg,dp-expert-nail-lat.jpg,dp-expert-nail-tmpl.jpg
dp-aml,DePuy Synthes,Hip,AML (Anatomic Medullary Locking),dp-aml-ap.jpg,dp-aml-lat.jpg,dp-aml-tmpl.jpg
dp-c-stem,DePuy Synthes,Hip,C-Stem,dp-c-stem-ap.jpg,dp-c-stem-lat.jpg,dp-c-stem-tmpl.jpg
dp-charnley,DePuy Synthes,Hip,Charnley,dp-charnley-ap.jpg,dp-charnley-lat.jpg,dp-charnley-tmpl.jpg
dp-elite-plus,DePuy Synthes,Hip,Charnley Elite Plus,dp-elite-plus-ap.jpg,dp-elite-plus-lat.jpg,dp-elite-plus-tmpl.jpg
dp-duraloc,DePuy Synthes,Hip,Duraloc Acetabular System,dp-duraloc-ap.jpg,dp-duraloc-lat.jpg,dp-duraloc-tmpl.jpg
dp-philos,DePuy Synthes,Trauma / Fracture fixation,PHILOS (Proximal Humeral Plate),dp-philos-ap.jpg,dp-philos-lat.jpg,dp-philos-tmpl.jpg
dp-cannulated-screws,DePuy Synthes,Trauma / Fracture fixation,Cannulated Screw Fixation,dp-cannulated-screws-ap.jpg,dp-cannulated-screws-lat.jpg,dp-cannulated-screws-tmpl.jpg
dp-delta-xtend,DePuy Synthes,Shoulder,Delta Xtend,dp-delta-xtend-ap.jpg,dp-delta-xtend-lat.jpg,dp-delta-xtend-tmpl.jpg
dp-sigma-tc3,DePuy Synthes,Knee,P.F.C. Sigma TC3,dp-sigma-tc3-ap.jpg,dp-sigma-tc3-lat.jpg,dp-sigma-tc3-tmpl.jpg
zb-tmta,Zimmer Biomet,Ankle,Trabecular Metal Total Ankle (TMTA),zb-tmta-ap.jpg,zb-tmta-lat.jpg,zb-tmta-tmpl.jpg
st-inbone,Stryker,Ankle,INBONE / INBONE II Total Ankle,st-inbone-ap.jpg,st-inbone-lat.jpg,st-inbone-tmpl.jpg
st-infinity,Stryker,Ankle,INFINITY Total Ankle,st-infinity-ap.jpg,st-infinity-lat.jpg,st-infinity-tmpl.jpg
st-invision,Stryker,Ankle,INVISION Total Ankle (Revision),st-invision-ap.jpg,st-invision-lat.jpg,st-invision-tmpl.jpg
dp-agility,DePuy Synthes,Ankle,Agility Total Ankle,dp-agility-ap.jpg,dp-agility-lat.jpg,dp-agility-tmpl.jpg
zb-nexel,Zimmer Biomet,Elbow,Nexel Total Elbow,zb-nexel-ap.jpg,zb-nexel-lat.jpg,zb-nexel-tmpl.jpg
st-latitude,Stryker,Elbow,Latitude EV Total Elbow,st-latitude-ap.jpg,st-latitude-lat.jpg,st-latitude-tmpl.jpg
dp-acclaim,DePuy Synthes,Elbow,ACCLAIM Total Elbow,dp-acclaim-ap.jpg,dp-acclaim-lat.jpg,dp-acclaim-tmpl.jpg
